{
  "curiosity": 0.993,
  "stability": 0.11988708984902516,
  "boredom": 0.993,
  "novelty_hunger": 0.21631082170100419
}